{
  "main": {
    "id": "bcd9f8e05aadf1b7",
    "type": "split",
    "children": [
      {
        "id": "76ce7b090aae8d87",
        "type": "tabs",
        "children": [
          {
            "id": "fe1e39e549407c11",
            "type": "leaf",
            "state": {
              "type": "markdown",
              "state": {
                "file": "Outlines.md",
                "mode": "source",
                "source": false
              }
            }
          },
          {
            "id": "ae9da9695714560e",
            "type": "leaf",
            "state": {
              "type": "markdown",
              "state": {
                "file": "Daily_Notes/Git Commands to reduce down commits.md",
                "mode": "source",
                "source": false
              }
            }
          },
          {
            "id": "7d1f0c1ad621de79",
            "type": "leaf",
            "state": {
              "type": "release-notes",
              "state": {
                "currentVersion": "1.6.7"
              }
            }
          }
        ],
        "currentTab": 1
      }
    ],
    "direction": "vertical"
  },
  "left": {
    "id": "1b45b3bdd467ed80",
    "type": "split",
    "children": [
      {
        "id": "08ec5542ed93c908",
        "type": "tabs",
        "children": [
          {
            "id": "795d6fd6c7883218",
            "type": "leaf",
            "state": {
              "type": "file-explorer",
              "state": {
                "sortOrder": "alphabetical"
              }
            }
          },
          {
            "id": "32ba3af28889d909",
            "type": "leaf",
            "state": {
              "type": "search",
              "state": {
                "query": "",
                "matchingCase": false,
                "explainSearch": false,
                "collapseAll": false,
                "extraContext": false,
                "sortOrder": "alphabetical"
              }
            }
          },
          {
            "id": "fd56fb911910f954",
            "type": "leaf",
            "state": {
              "type": "bookmarks",
              "state": {}
            }
          }
        ]
      }
    ],
    "direction": "horizontal",
    "width": 200
  },
  "right": {
    "id": "45ceee42db378a0e",
    "type": "split",
    "children": [
      {
        "id": "ad3d65c49f09883f",
        "type": "tabs",
        "children": [
          {
            "id": "191d2f90de8de174",
            "type": "leaf",
            "state": {
              "type": "backlink",
              "state": {
                "file": "Daily_Notes/Git Commands to reduce down commits.md",
                "collapseAll": false,
                "extraContext": false,
                "sortOrder": "alphabetical",
                "showSearch": false,
                "searchQuery": "",
                "backlinkCollapsed": false,
                "unlinkedCollapsed": true
              }
            }
          },
          {
            "id": "7412a17f67197899",
            "type": "leaf",
            "state": {
              "type": "outgoing-link",
              "state": {
                "file": "Daily_Notes/Git Commands to reduce down commits.md",
                "linksCollapsed": false,
                "unlinkedCollapsed": true
              }
            }
          },
          {
            "id": "caed02c1777d1b8c",
            "type": "leaf",
            "state": {
              "type": "tag",
              "state": {
                "sortOrder": "frequency",
                "useHierarchy": true
              }
            }
          },
          {
            "id": "61a7a71a34e79571",
            "type": "leaf",
            "state": {
              "type": "outline",
              "state": {
                "file": "Daily_Notes/Git Commands to reduce down commits.md"
              }
            }
          }
        ]
      }
    ],
    "direction": "horizontal",
    "width": 300,
    "collapsed": true
  },
  "left-ribbon": {
    "hiddenItems": {
      "switcher:Open quick switcher": false,
      "graph:Open graph view": false,
      "canvas:Create new canvas": false,
      "daily-notes:Open today's daily note": false,
      "templates:Insert template": false,
      "command-palette:Open command palette": false
    }
  },
  "active": "ae9da9695714560e",
  "lastOpenFiles": [
    "Pasted image 20240726150600.png",
    "Pasted image 20240726150458.png",
    "Daily_Notes/Git Commands to reduce down commits.md",
    "Daily_Notes/daily-2024-07-24.md",
    "Outlines.md"
  ]
}